{
    "user": {
        "id": 679143250,
        "first_name": "XXXXXXX",
        "last_name": ":*)",
        "username": "Yulduzingmang0808",
        "language_code": "ru"
    },
    "orderData": [
        {
            "title": "Samarqand Gilos",
            "info": "Lorem ipsum dolor sit amet consectetur adipisicing elit.",
            "photo": "2.png",
            "price": 5000
        },
        {
            "title": "Ananas",
            "info": "Lorem ipsum dolor sit amet consectetur adipisicing elit.",
            "photo": "3.png",
            "price": 3500
        },
        {
            "title": "Apelsin",
            "info": "Lorem ipsum dolor sit amet consectetur adipisicing elit.",
            "photo": "5.png",
            "price": 3600
        }
    ],
    "orderPrice": 12100,
    "currence": "UZS"
}