{
    "update_id": 860058951,
    "message": {
        "message_id": 630,
        "from": {
            "id": 2127502243,
            "is_bot": false,
            "first_name": "Farrux",
            "last_name": "Shernazarov",
            "language_code": "uz"
        },
        "chat": {
            "id": 2127502243,
            "first_name": "Farrux",
            "last_name": "Shernazarov",
            "type": "private"
        },
        "date": 1653798024,
        "text": "\/start",
        "entities": [
            {
                "offset": 0,
                "length": 6,
                "type": "bot_command"
            }
        ]
    }
}